book,nodes,edges,density
1,35,315,0.5294117647058824
2,34,259,0.46167557932263814
3,41,416,0.5073170731707317
